Name;Sex;Email;Phone
Diego;Masculino;diego@davidteste.com;19988809239
Jack;Masculino;jack@davidteste.com;19988809239
Samantha;Feminino;samantha@davidteste.com;19988801139
Sourav;Masculino;sourav@davidteste.com;19988803239
Sachin;Masculino;sachin@davidteste.com;19988809569
Virat;Masculino;virat@davidteste.com;19982380239
Sania;Feminino;sania@davidteste.com;19983509239